{
    "$schema": "https://schema.management.azure.com/schemas/2015-01-01/deploymentTemplate.json#",
    "contentVersion": "1.0.0.0",
    "parameters": {
        "adminUsername": {
            "type": "string",
            "defaultValue": "adminuser",
            "metadata": {
                "description": "Admin user name"
            }
        },
        "authenticationType": {
            "type": "string",
            "defaultValue": "sshPublicKey",
            "allowedValues": [
                "sshPublicKey",
                "password"
            ],
            "metadata": {
                "description": "Type of authentication to use on the Virtual Machine. SSH key is recommended."
            }
        },
        "adminPasswordOrKey": {
            "type": "securestring",
            "metadata": {
                "description": "SSH Key or password for the Virtual Machine. SSH key is recommended."
            }
        },
        "vmSize": {
            "type": "string",
            "defaultValue": "Standard_B2s",
            "allowedValues": [
                "Standard_B1s",
                "Standard_B1ms",
                "Standard_B2s",
                "Standard_B2ms",
                "Standard_B4ms",
                "Standard_B8ms"
            ],
            "metadata": {
                "description": "Virtual machine size"
            }
        },
        "imagePublisher": {
            "type": "string",
            "defaultValue": "Canonical",
            "allowedValues": [
                "Canonical"
            ],
            "metadata": {
                "description": "Image publisher, e.g. Canonical"
            }
        },
        "imageOffer": {
            "type": "string",
            "defaultValue": "UbuntuServer",
            "allowedValues": [
                "UbuntuServer"
            ],
            "metadata": {
                "description": "Image offer, e.g. UbuntuServer"
            }
        },
        "imageSku": {
            "type": "string",
            "defaultValue": "18.04-LTS",
            "allowedValues": [
                "12.04.5-LTS",
                "14.04.5-LTS",
                "16.04.0-LTS",
                "18.04-LTS"
            ],
            "metadata": {
                "description": "The Ubuntu version for the VM. This will pick a fully patched image of this given Ubuntu version."
            }
        },
        "imageVersion": {
            "type": "string",
            "defaultValue": "latest",
            "metadata": {
                "description": "Image version"
            }
        },
        "osType": {
            "type": "string",
            "defaultValue": "Linux",
            "metadata": {
                "description": "OS type"
            }
        },
        "osDiskType": {
            "type": "string",
            "defaultValue": "StandardSSD_LRS",
            "allowedValues": [
                "StandardSSD_LRS",
                "Standard_LRS",
                "Premium_LRS"
            ],
            "metadata": {
                "description": "OS disk type"
            }
        },
        "osDiskCaching": {
            "type": "string",
            "defaultValue": "ReadWrite",
            "allowedValues": [
                "ReadWrite",
                "ReadOnly",
                "None"
            ],
            "metadata": {
                "description": "OS disk caching"
            }
        },
        "dataDiskType": {
            "type": "string",
            "defaultValue": "StandardSSD_LRS",
            "allowedValues": [
                "StandardSSD_LRS",
                "Standard_LRS",
                "Premium_LRS"
            ],
            "metadata": {
                "description": "OS disk type"
            }
        },
        "dataDiskCaching": {
            "type": "string",
            "defaultValue": "ReadOnly",
            "allowedValues": [
                "ReadWrite",
                "ReadOnly",
                "None"
            ],
            "metadata": {
                "description": "Data disk caching"
            }
        },
        "dataDiskSize": {
            "type": "int",
            "defaultValue": 32,
            "metadata": {
                "description": "Data disk size"
            }
        },
        "virtualNetworkResourceGroup": {
            "type": "string",
            "metadata": {
                "description": "Name of the Resource Group of the Virtual Network"
            }
        },
        "virtualNetworkName": {
            "type": "string",
            "metadata": {
                "description": "Name of the Virtual Network"
            }
        },
        "subnetName": {
            "type": "string",
            "metadata": {
                "description": "Name of the subnet"
            }
        },
        "vmName": {
            "type": "string",
            "metadata": {
                "description": "Name of the management virtual machine."
            }
        },
        "diagnosticsStorageAccount": {
            "type": "string",
            "defaultValue": "",
            "metadata": {
                "description": "Name of the storage account to use for diagnostics."
            }
        },
        "artifactsLocation": {
            "type": "string",
            "metadata": {
                "description": "The location for file dependencies."
            }
        },
        "dnsLabelPrefix": {
            "type": "string",
            "metadata": {
                "description": "The public DNS name for the VM's PIP"
            }
        }
    },
    "variables": {
        "nicName": "[concat(parameters('vmName'), '-nic')]",
        "osDiskName": "[concat(parameters('vmName'), '-osdisk')]",
        "publicIPAddressName": "[concat(parameters('vmName'), '-pip')]",
        "vnetID": "[resourceId(parameters('virtualNetworkResourceGroup'), 'Microsoft.Network/virtualNetworks', parameters('virtualNetworkName'))]",
        "subnetRef": "[concat(variables('vnetID'),'/subnets/', parameters('subnetName'))]",
        "linuxConfiguration": {
            "disablePasswordAuthentication": true,
            "ssh": {
            "publicKeys": [
                {
                    "path": "[concat('/home/', parameters('AdminUsername'), '/.ssh/authorized_keys')]",
                    "keyData": "[parameters('adminPasswordOrKey')]"
                }
            ]
            }
        }
    },
    "resources": [
        {
            "apiVersion": "2016-03-30",
            "type": "Microsoft.Network/publicIPAddresses",
            "name": "[variables('publicIPAddressName')]",
            "location": "[resourceGroup().location]",
            "properties": {
                "publicIPAllocationMethod": "Dynamic",
                "dnsSettings": {
                    "domainNameLabel": "[parameters('dnsLabelPrefix')]"
                  }
            }
        },
        {
            "apiVersion": "2016-03-30",
            "type": "Microsoft.Network/networkInterfaces",
            "name": "[variables('nicName')]",
            "location": "[resourceGroup().location]",
            "dependsOn": [
                "[resourceId('Microsoft.Network/publicIPAddresses/', variables('publicIPAddressName'))]"
            ],
            "properties": {
                "ipConfigurations": [
                    {
                        "name": "ipconfig1",
                        "properties": {
                            "privateIPAllocationMethod": "Dynamic",
                            "publicIPAddress": {
                                "id": "[resourceId('Microsoft.Network/publicIPAddresses',variables('publicIPAddressName'))]"
                            },
                            "subnet": {
                                "id": "[variables('subnetRef')]"
                            }
                        }
                    }
                ]
            }
        },
        {
            "type": "Microsoft.Compute/disks",
            "apiVersion": "2018-06-01",
            "name": "[concat(parameters('vmName'), '-datadisk0')]",
            "location": "[resourceGroup().location]",
            "sku": {
                "name": "[parameters('dataDiskType')]"
            },
            "properties": {
                "creationData": {
                    "createOption": "Empty"
                },
                "diskSizeGB": "[parameters('dataDiskSize')]"
            }
        },
        {
            "apiVersion": "2018-10-01",
            "type": "Microsoft.Compute/virtualMachines",
            "name": "[parameters('vmName')]",
            "location": "[resourceGroup().location]",
            "dependsOn": [
                "[resourceId('Microsoft.Network/networkInterfaces/', variables('nicName'))]",
                "[resourceId('Microsoft.Compute/disks/', concat(parameters('vmName'), '-datadisk0'))]"
            ],
            "properties": {
                "hardwareProfile": {
                    "vmSize": "[parameters('vmSize')]"
                },
                "osProfile": {
                    "computerName": "[parameters('vmName')]",
                    "adminUsername": "[parameters('adminUsername')]",
                    "adminPassword": "[parameters('adminPasswordOrKey')]",
                    "linuxConfiguration": "[if(equals(parameters('authenticationType'), 'password'), json('null'), variables('linuxConfiguration'))]"
                },
                "storageProfile": {
                    "imageReference": {
                        "publisher": "[parameters('imagePublisher')]",
                        "offer": "[parameters('imageOffer')]",
                        "sku": "[parameters('imageSku')]",
                        "version": "[parameters('imageVersion')]"
                    },
                    "osDisk": {
                        "osType": "[parameters('osType')]",
                        "caching": "[parameters('osDiskCaching')]",
                        "createOption": "FromImage",
                        "name": "[variables('osDiskName')]",
                        "managedDisk": {
                            "storageAccountType": "[parameters('osDiskType')]"
                        }
                    },
                    "dataDisks": [
                        {
                            "lun": 0,
                            "managedDisk": {
                                "id": "[resourceId('Microsoft.Compute/disks', concat(parameters('vmName'), '-datadisk0'))]"
                            },
                            "caching": "[parameters('dataDiskCaching')]",
                            "createOption": "Attach"
                        }
                    ]
                },
                "networkProfile": {
                    "networkInterfaces": [
                        {
                            "id": "[resourceId('Microsoft.Network/networkInterfaces', variables('nicName'))]"
                        }
                    ]
                },
                "diagnosticsProfile": {
                    "bootDiagnostics": {
                        "enabled": true,
                        "storageUri": "[concat('https://', parameters('diagnosticsStorageAccount'), '.blob.core.windows.net')]"
                    }
                }
            }
        },

        {
            "name": "[concat(parameters('vmName'), '/ShellScript')]",
            "type": "Microsoft.Compute/virtualMachines/extensions",
            "location": "[resourceGroup().location]",
            "apiVersion": "2015-06-15",
            "dependsOn": [
              "[concat('Microsoft.Compute/virtualMachines/', parameters('vmName'))]"
            ],
            "properties": {
              "publisher": "Microsoft.Azure.Extensions",
              "type": "CustomScript",
              "typeHandlerVersion": "2.0",
              "autoUpgradeMinorVersion": true,
              "settings": {
                "skipDos2Unix":false,
                "timestamp":123456789
              },
              "protectedSettings": {
                "commandToExecute": "sh script.sh",
                "fileUris": [
                    "https://asmprdsamgt1.blob.core.windows.net/deployment/script.sh"
                ]
            }
          }
        }

    ],
    "outputs": {

    }
}